{"params": {"kernel": "rbf", "gamma": 1.4522741150737315e-05}, "coefficients": [[0.2557620984511593, 0.8796296296296297, 0.0, 0.46232273699347265, 0.8796296296296297, 0.7768452724824851, 0.11124627692878285, 0.6771147753285592, 0.8796296296296297, 0.49589125162581105, 0.22127191321253104, 0.8796296296296297, 0.06494803620572477, 0.0, 0.0, 0.19976933080390824, 0.0984142291193919, 0.0634752448214764, 0.18938787544657817, 0.3509474078373262, 0.1248703368562563, 0.8796296296296297, 0.4892122826623272, 0.0, 0.7831375535415062, 0.02161012439275277, -0.0, -1.0017841185742975, -0.24080290373151678, -1.021505376344086, -0.0, -0.24412519680160075, -0.5337786108696134, -1.021505376344086, -0.9895728420114714, -0.2078803027298205, -0.5788565755289985, -0.0, -0.0, -0.0, -1.021505376344086, -0.47201539681369564, -0.10261838060554831, -0.4029726699612508, -0.4348069247399279, -0.531012377234901, -0.0, -0.0, -0.0, -0.0, -0.9796324662232968, -0.0, -0.0, -0.046149658778886764, -0.0, -0.0, -0.7288579784432008, -1.130952380952381, -0.0, -0.0, -1.130952380952381, -1.130952380952381, -1.130952380952381, -1.130952380952381, -0.9722566884161917, -0.0, -0.42889239826543657, -0.8577347251605004, -0.0, -0.0, -0.5506047694979881, -1.130952380952381], [0.3835529080648808, 0.43916862371841436, 0.5621633601567099, 0.44070059174392384, 0.8796296296296297, 0.8796296296296297, 0.05923043162685996, 0.0, 0.8796296296296297, 0.0, 0.21513524660399477, 0.8796296296296297, 0.0, 0.19574958652056415, 0.8796296296296297, 0.8796296296296297, 0.0, 0.0, 0.4238365192617938, 0.4820089893555146, 0.02105460840544863, 0.8796296296296297, 0.02703442079410619, 0.008329333553274029, 0.8275565816797377, 0.1272818953838598, 1.021505376344086, 1.021505376344086, 1.021505376344086, 1.021505376344086, 1.021505376344086, 0.0, 1.021505376344086, 1.021505376344086, 0.09836326041471931, 1.021505376344086, 1.021505376344086, 1.021505376344086, 0.4333699110464552, 0.2646129956301897, 1.021505376344086, 1.021505376344086, 0.0, 0.0, 0.04006943634963852, 1.021505376344086, 1.021505376344086, 1.021505376344086, 0.17226709373521326, 1.021505376344086, 1.021505376344086, -1.130952380952381, -1.130952380952381, -1.130952380952381, -0.9135416179963959, -1.130952380952381, -1.130952380952381, -1.130952380952381, -0.745054642245411, -0.2617332153281995, -1.130952380952381, -0.3249829386288167, -1.130952380952381, -1.130952380952381, -0.0, -0.056011345628530225, -1.130952380952381, -1.130952380952381, -1.130952380952381, -1.130952380952381, -1.130952380952381, -0.23961700186499177]], "classIndices": [0.0, 1.0, 2.0], "intercepts": [0.35447880510962665, 0.6512772772562365, 0.834958809176264]}